<?xml version="1.0" encoding="UTF-8"?>

<FLOW VERSION="3.0" CLEANUP="true">

  <!-- nodes -->

<INVOKE TIMEOUT="" SERVICE="pub.xml:xmlStringToXMLNode" VALIDATE-IN="$none" VALIDATE-OUT="$none">
  <COMMENT></COMMENT>

  <!-- nodes -->

<MAP MODE="INPUT">
  <MAPTARGET>

<Values version="2.0">
  <record name="xml" javaclass="com.wm.util.Values">
    <value name="node_type">record</value>
    <value name="node_subtype">unknown</value>
    <value name="is_public">false</value>
    <value name="field_name">xmlStringToXMLNodeInput</value>
    <value name="field_type">record</value>
    <value name="field_dim">0</value>
    <value name="nillable">true</value>
    <value name="form_qualified">false</value>
    <value name="is_global">false</value>
    <array name="rec_fields" type="record" depth="1">
      <record javaclass="com.wm.util.Values">
        <value name="node_type">field</value>
        <value name="node_subtype">unknown</value>
        <value name="is_public">false</value>
        <value name="field_name">xmldata</value>
        <value name="field_type">string</value>
        <value name="field_dim">0</value>
        <value name="field_opt">true</value>
        <value name="nillable">true</value>
        <value name="form_qualified">false</value>
        <value name="is_global">false</value>
      </record>
      <record javaclass="com.wm.util.Values">
        <value name="node_type">field</value>
        <value name="node_subtype">unknown</value>
        <value name="is_public">false</value>
        <value name="field_name">$filedata</value>
        <value name="field_type">object</value>
        <value name="field_dim">0</value>
        <value name="field_opt">true</value>
        <value name="nillable">true</value>
        <value name="form_qualified">false</value>
        <value name="is_global">false</value>
      </record>
      <record javaclass="com.wm.util.Values">
        <value name="node_type">field</value>
        <value name="node_subtype">unknown</value>
        <value name="is_public">false</value>
        <value name="field_name">$filestream</value>
        <value name="field_type">object</value>
        <value name="field_dim">0</value>
        <value name="field_opt">true</value>
        <value name="nillable">true</value>
        <value name="form_qualified">false</value>
        <value name="is_global">false</value>
      </record>
      <record javaclass="com.wm.util.Values">
        <value name="node_type">field</value>
        <value name="node_subtype">unknown</value>
        <value name="is_public">false</value>
        <value name="field_name">encoding</value>
        <value name="field_type">string</value>
        <value name="field_dim">0</value>
        <value name="field_opt">true</value>
        <value name="nillable">true</value>
        <value name="form_qualified">false</value>
        <value name="is_global">false</value>
      </record>
      <record javaclass="com.wm.util.Values">
        <value name="node_type">field</value>
        <value name="node_subtype">unknown</value>
        <value name="is_public">false</value>
        <value name="field_name">expandDTD</value>
        <value name="field_type">string</value>
        <value name="field_dim">0</value>
        <value name="field_opt">true</value>
        <array name="field_options" type="value" depth="1">
          <value>false</value>
          <value>true</value>
        </array>
        <value name="nillable">true</value>
        <value name="form_qualified">false</value>
        <value name="is_global">false</value>
      </record>
      <record javaclass="com.wm.util.Values">
        <value name="node_type">field</value>
        <value name="node_subtype">unknown</value>
        <value name="is_public">false</value>
        <value name="field_name">isXML</value>
        <value name="field_type">string</value>
        <value name="field_dim">0</value>
        <value name="field_opt">true</value>
        <array name="field_options" type="value" depth="1">
          <value>false</value>
          <value>true</value>
          <value>autoDetect</value>
        </array>
        <value name="nillable">true</value>
        <value name="form_qualified">false</value>
        <value name="is_global">false</value>
      </record>
      <record javaclass="com.wm.util.Values">
        <value name="node_type">field</value>
        <value name="node_subtype">unknown</value>
        <value name="is_public">false</value>
        <value name="field_name">expandGeneralEntities</value>
        <value name="field_type">string</value>
        <value name="field_dim">0</value>
        <value name="field_opt">true</value>
        <array name="field_options" type="value" depth="1">
          <value>true</value>
          <value>false</value>
        </array>
        <value name="nillable">true</value>
        <value name="form_qualified">false</value>
        <value name="is_global">false</value>
      </record>
      <record javaclass="com.wm.util.Values">
        <value name="node_type">field</value>
        <value name="node_subtype">unknown</value>
        <value name="is_public">false</value>
        <value name="field_name">validateXML</value>
        <value name="field_type">string</value>
        <value name="field_dim">0</value>
        <value name="field_opt">true</value>
        <array name="field_options" type="value" depth="1">
          <value>false</value>
          <value>true</value>
        </array>
        <value name="nillable">true</value>
        <value name="form_qualified">false</value>
        <value name="is_global">false</value>
      </record>
    </array>
    <value name="modifiable">true</value>
  </record>
</Values>
</MAPTARGET>
  <MAPSOURCE>

<Values version="2.0">
  <record name="xml" javaclass="com.wm.util.Values">
    <value name="node_type">record</value>
    <value name="node_subtype">unknown</value>
    <value name="is_public">false</value>
    <value name="field_type">record</value>
    <value name="field_dim">0</value>
    <value name="nillable">true</value>
    <value name="form_qualified">false</value>
    <value name="is_global">false</value>
    <array name="rec_fields" type="record" depth="1">
    </array>
    <value name="modifiable">true</value>
  </record>
</Values>
</MAPSOURCE>

  <!-- nodes -->

<MAPSET NAME="Setter" OVERWRITE="true" VARIABLES="false" GLOBALVARIABLES="false" FIELD="/xmldata;1;0">
  <DATA ENCODING="XMLValues" I18N="true">

<Values version="2.0">
  <value name="xml">                &lt;/JNJAmount&gt;
                &lt;JNJAccountingType/&gt;
                &lt;JNJSequenceNumber/&gt;
              &lt;/JNJGLSequence&gt;
              &lt;JNJNetAmount&gt;
                &lt;qualifier&gt;ACTUAL&lt;/qualifier&gt;
                &lt;type&gt;T&lt;/type&gt;
                &lt;index&gt;&lt;/index&gt;
                &lt;VALUE&gt;10000&lt;/VALUE&gt;
                &lt;NUMOFDEC&gt;0&lt;/NUMOFDEC&gt;
                &lt;SIGN&gt;&lt;/SIGN&gt;
                &lt;CURRENCY&gt;USD&lt;/CURRENCY&gt;
                &lt;DRCR&gt;&lt;/DRCR&gt;
              &lt;/JNJNetAmount&gt;
              &lt;JNJNetAmount&gt;
                &lt;qualifier&gt;ACTUAL&lt;/qualifier&gt;
                &lt;type&gt;B&lt;/type&gt;
                &lt;index&gt;&lt;/index&gt;
                &lt;VALUE&gt;10000&lt;/VALUE&gt;
                &lt;NUMOFDEC&gt;0&lt;/NUMOFDEC&gt;
                &lt;SIGN&gt;&lt;/SIGN&gt;
                &lt;CURRENCY&gt;USD&lt;/CURRENCY&gt;
                &lt;DRCR&gt;&lt;/DRCR&gt;
              &lt;/JNJNetAmount&gt;
              &lt;JNJNetAmount&gt;
                &lt;qualifier&gt;ACTUAL&lt;/qualifier&gt;
                &lt;type&gt;L&lt;/type&gt;
                &lt;index&gt;&lt;/index&gt;
                &lt;VALUE&gt;10000&lt;/VALUE&gt;
                &lt;NUMOFDEC&gt;0&lt;/NUMOFDEC&gt;
                &lt;SIGN&gt;&lt;/SIGN&gt;
                &lt;CURRENCY&gt;USD&lt;/CURRENCY&gt;
                &lt;DRCR&gt;&lt;/DRCR&gt;
              &lt;/JNJNetAmount&gt;
              &lt;JNJAmount&gt;
                &lt;qualifier&gt;ACTUAL&lt;/qualifier&gt;
                &lt;type&gt;T&lt;/type&gt;
                &lt;index&gt;&lt;/index&gt;
                &lt;VALUE&gt;20000&lt;/VALUE&gt;
                &lt;NUMOFDEC&gt;0&lt;/NUMOFDEC&gt;
                &lt;SIGN&gt;&lt;/SIGN&gt;
                &lt;CURRENCY&gt;USD&lt;/CURRENCY&gt;
                &lt;DRCR&gt;&lt;/DRCR&gt;
              &lt;/JNJAmount&gt;
              &lt;JNJAmount&gt;
                &lt;qualifier&gt;ACTUAL&lt;/qualifier&gt;
                &lt;type&gt;B&lt;/type&gt;
                &lt;index&gt;&lt;/index&gt;
                &lt;VALUE&gt;20000&lt;/VALUE&gt;
                &lt;NUMOFDEC&gt;0&lt;/NUMOFDEC&gt;
                &lt;SIGN&gt;&lt;/SIGN&gt;
                &lt;CURRENCY&gt;USD&lt;/CURRENCY&gt;
                &lt;DRCR&gt;&lt;/DRCR&gt;
              &lt;/JNJAmount&gt;
              &lt;JNJAmount&gt;
                &lt;qualifier&gt;ACTUAL&lt;/qualifier&gt;
                &lt;type&gt;L&lt;/type&gt;
                &lt;index&gt;&lt;/index&gt;
                &lt;VALUE&gt;20000&lt;/VALUE&gt;
                &lt;NUMOFDEC&gt;0&lt;/NUMOFDEC&gt;
                &lt;SIGN&gt;&lt;/SIGN&gt;
                &lt;CURRENCY&gt;USD&lt;/CURRENCY&gt;
                &lt;DRCR&gt;&lt;/DRCR&gt;
              &lt;/JNJAmount&gt;
              &lt;JNJConsumptionTaxCode&gt;C1&lt;/JNJConsumptionTaxCode&gt;
              &lt;JNJPreparerEmail&gt;373677@its.jnj.com&lt;/JNJPreparerEmail&gt;
              &lt;JNJPreparerName&gt;
                &lt;body&gt;AARON N ULM&lt;/body&gt;
                &lt;index&gt;0&lt;/index&gt;
              &lt;/JNJPreparerName&gt;
              &lt;JNJPreparerTelephone&gt;
                &lt;body&gt;+1 732 524-1813&lt;/body&gt;
                &lt;index&gt;0&lt;/index&gt;
              &lt;/JNJPreparerTelephone&gt;
              &lt;JNJPlantMaintenanceOrder&gt;&lt;/JNJPlantMaintenanceOrder&gt;
              &lt;JNJMaterialGroup&gt;&lt;/JNJMaterialGroup&gt;
              &lt;JNJIncoTerms&gt;DJJ&lt;/JNJIncoTerms&gt;
              &lt;JNJPaymentTerms&gt;L008&lt;/JNJPaymentTerms&gt;
              &lt;JNJTaxAmount&gt;
                &lt;AMOUNT&gt;
                  &lt;qualifier&gt;ACTUAL&lt;/qualifier&gt;
                  &lt;type&gt;TAX&lt;/type&gt;
                  &lt;index&gt;&lt;/index&gt;
                  &lt;VALUE&gt;0&lt;/VALUE&gt;
                  &lt;NUMOFDEC&gt;0&lt;/NUMOFDEC&gt;
                  &lt;SIGN&gt;+&lt;/SIGN&gt;
                  &lt;CURRENCY&gt;USD&lt;/CURRENCY&gt;
                  &lt;DRCR&gt;CR&lt;/DRCR&gt;
                &lt;/AMOUNT&gt;
              &lt;/JNJTaxAmount&gt;
              &lt;JNJManPartNumber&gt;&lt;/JNJManPartNumber&gt;
              &lt;JNJIsAdhoc&gt;false&lt;/JNJIsAdhoc&gt;
              &lt;JNJLegalAgreementNumber&gt;&lt;/JNJLegalAgreementNumber&gt;
            &lt;/POLINE&gt;
            &lt;POLINE&gt;
              &lt;OPERAMT&gt;
                &lt;VALUE&gt;10000&lt;/VALUE&gt;
                &lt;NUMOFDEC&gt;0&lt;/NUMOFDEC&gt;
                &lt;SIGN&gt;+&lt;/SIGN&gt;
                &lt;CURRENCY&gt;USD&lt;/CURRENCY&gt;
                &lt;UOMVALUE&gt;1&lt;/UOMVALUE&gt;
                &lt;UOMNUMDEC&gt;0&lt;/UOMNUMDEC&gt;
                &lt;UOM&gt;EA&lt;/UOM&gt;
              &lt;/OPERAMT&gt;
              &lt;QUANTITY&gt;
                &lt;VALUE&gt;2&lt;/VALUE&gt;
                &lt;NUMOFDEC&gt;0&lt;/NUMOFDEC&gt;
                &lt;SIGN&gt;+&lt;/SIGN&gt;
                &lt;UOM&gt;EA&lt;/UOM&gt;
              &lt;/QUANTITY&gt;
              &lt;POLINENUM&gt;2&lt;/POLINENUM&gt;
              &lt;RECEIPTYPE&gt;true&lt;/RECEIPTYPE&gt;
              &lt;COMMODITY&gt;
                &lt;body&gt;14111604&lt;/body&gt;
                &lt;index&gt;0&lt;/index&gt;
              &lt;/COMMODITY&gt;
              &lt;DESCRIPTN&gt;Stastistical internalorder&lt;/DESCRIPTN&gt;
              &lt;ITEMTYPE&gt;MTL&lt;/ITEMTYPE&gt;
              &lt;REQUESTER&gt;Requester114&lt;/REQUESTER&gt;
              &lt;TAXWHEXMPT&gt;true&lt;/TAXWHEXMPT&gt;
              &lt;UPC&gt;&lt;/UPC&gt;
              &lt;JNJShipTo&gt;
                &lt;ADDRLINE&gt;
                  &lt;body&gt;7500 Centurion Parkway&lt;/body&gt;
                  &lt;index&gt;0&lt;/index&gt;
                &lt;/ADDRLINE&gt;
                &lt;NAME&gt;Vistakon - Distribution Docks D1 - D10&lt;/NAME&gt;
                &lt;CITY&gt;Jacksonville&lt;/CITY&gt;
                &lt;COUNTRY&gt;United States&lt;/COUNTRY&gt;
                &lt;DESCRIPTN&gt;Vistakon - Distribution Docks D1 - D10&lt;/DESCRIPTN&gt;
                &lt;POSTALCODE&gt;32256&lt;/POSTALCODE&gt;
                &lt;STATEPROVN&gt;FL&lt;/STATEPROVN&gt;
                &lt;USERAREA&gt;
                  &lt;CustomData&gt;
                    &lt;key&gt;isoCountryCode&lt;/key&gt;
                    &lt;value&gt;US&lt;/value&gt;
                  &lt;/CustomData&gt;
                &lt;/USERAREA&gt;
              &lt;/JNJShipTo&gt;
              &lt;JNJActionCode&gt;A&lt;/JNJActionCode&gt;
              &lt;JNJBuyerNumber&gt;Requester114&lt;/JNJBuyerNumber&gt;
              &lt;JNJDeliveryDate&gt;&lt;/JNJDeliveryDate&gt;
              &lt;JNJServiceOpenDate&gt;2021-07-27 18:30:00:000&lt;/JNJServiceOpenDate&gt;
              &lt;JNJServiceCloseDate&gt;2021-08-30 18:30:00:000&lt;/JNJServiceCloseDate&gt;
              &lt;JNJGLSequence&gt;
                &lt;JNJAccountAssignment&gt;&lt;/JNJAccountAssignment&gt;
                &lt;JNJBusinessAreaNumber&gt;1330&lt;/JNJBusinessAreaNumber&gt;
                &lt;JNJFranchiseNumber/&gt;
                &lt;JNJDivision/&gt;
                &lt;JNJDepartment_CostCenter&gt;1000099&lt;/JNJDepartment_CostCenter&gt;
                &lt;JNJAccount&gt;657030001&lt;/JNJAccount&gt;
                &lt;JNJSubcode/&gt;
                &lt;JNJReferenceNumber&gt;&lt;/JNJReferenceNumber&gt;
                &lt;JNJGeneralRef1/&gt;
                &lt;JNJGeneralRef2/&gt;
                &lt;JNJCompanyCode&gt;1100&lt;/JNJCompanyCode&gt;
                &lt;JNJPlantCode/&gt;
                &lt;JNJInternalOrderNumber&gt;705481&lt;/JNJInternalOrderNumber&gt;
                &lt;JNJWorkBreakdownStructureId/&gt;
                &lt;JNJNetworkId&gt;&lt;/JNJNetworkId&gt;
                &lt;JNJFixedAssetTrackingNumber&gt;&lt;/JNJFixedAssetTrackingNumber&gt;
                &lt;JNJProfitCenterId/&gt;
                &lt;JNJProfitabilityAnalysisSegmentNumber/&gt;
                &lt;JNJProductCode/&gt;
                &lt;JNJMarketingEventId/&gt;
                &lt;JNJDistributionChannelId/&gt;
                &lt;JNJCustomerNumber/&gt;
                &lt;JNJEndCustomerId/&gt;
                &lt;JNJSalesRegionNumber/&gt;
                &lt;JNJProgramId/&gt;
                &lt;JNJSubledgerCode/&gt;
                &lt;JNJSubledgerType/&gt;
                &lt;JNJPercent&gt;100.0&lt;/JNJPercent&gt;
                &lt;JNJQuantity&gt;2&lt;/JNJQuantity&gt;
                &lt;JNJAmount&gt;
                  &lt;qualifier&gt;ACTUAL&lt;/qualifier&gt;
                  &lt;type&gt;T&lt;/type&gt;
                  &lt;index&gt;&lt;/index&gt;
                  &lt;VALUE&gt;20000&lt;/VALUE&gt;
                  &lt;NUMOFDEC&gt;0&lt;/NUMOFDEC&gt;
                  &lt;SIGN&gt;&lt;/SIGN&gt;
                  &lt;CURRENCY&gt;USD&lt;/CURRENCY&gt;
                  &lt;DRCR&gt;&lt;/DRCR&gt;
                &lt;/JNJAmount&gt;
                &lt;JNJAmount&gt;
                  &lt;qualifier&gt;ACTUAL&lt;/qualifier&gt;
                  &lt;type&gt;B&lt;/type&gt;
                  &lt;index&gt;&lt;/index&gt;
                  &lt;VALUE&gt;20000&lt;/VALUE&gt;
                  &lt;NUMOFDEC&gt;0&lt;/NUMOFDEC&gt;
                  &lt;SIGN&gt;&lt;/SIGN&gt;
                  &lt;CURRENCY&gt;USD&lt;/CURRENCY&gt;
                  &lt;DRCR&gt;&lt;/DRCR&gt;
                &lt;/JNJAmount&gt;
                &lt;JNJAmount&gt;
                  &lt;qualifier&gt;ACTUAL&lt;/qualifier&gt;
                  &lt;type&gt;L&lt;/type&gt;
                  &lt;index&gt;&lt;/index&gt;
                  &lt;VALUE&gt;20000&lt;/VALUE&gt;
                  &lt;NUMOFDEC&gt;0&lt;/NUMOFDEC&gt;
                  &lt;SIGN&gt;&lt;/SIGN&gt;
                  &lt;CURRENCY&gt;USD&lt;/CURRENCY&gt;
                  &lt;DRCR&gt;&lt;/DRCR&gt;
                &lt;/JNJAmount&gt;
                &lt;JNJAccountingType/&gt;
                &lt;JNJSequenceNumber/&gt;
              &lt;/JNJGLSequence&gt;
              &lt;JNJNetAmount&gt;
                &lt;qualifier&gt;ACTUAL&lt;/qualifier&gt;
                &lt;type&gt;T&lt;/type&gt;
                &lt;index&gt;&lt;/index&gt;
                &lt;VALUE&gt;10000&lt;/VALUE&gt;
                &lt;NUMOFDEC&gt;0&lt;/NUMOFDEC&gt;
                &lt;SIGN&gt;&lt;/SIGN&gt;
                &lt;CURRENCY&gt;USD&lt;/CURRENCY&gt;
                &lt;DRCR&gt;&lt;/DRCR&gt;
              &lt;/JNJNetAmount&gt;
              &lt;JNJNetAmount&gt;
                &lt;qualifier&gt;ACTUAL&lt;/qualifier&gt;
                &lt;type&gt;B&lt;/type&gt;
                &lt;index&gt;&lt;/index&gt;
                &lt;VALUE&gt;10000&lt;/VALUE&gt;
                &lt;NUMOFDEC&gt;0&lt;/NUMOFDEC&gt;
                &lt;SIGN&gt;&lt;/SIGN&gt;
                &lt;CURRENCY&gt;USD&lt;/CURRENCY&gt;
                &lt;DRCR&gt;&lt;/DRCR&gt;
              &lt;/JNJNetAmount&gt;
              &lt;JNJNetAmount&gt;
                &lt;qualifier&gt;ACTUAL&lt;/qualifier&gt;
                &lt;type&gt;L&lt;/type&gt;
                &lt;index&gt;&lt;/index&gt;
                &lt;VALUE&gt;10000&lt;/VALUE&gt;
                &lt;NUMOFDEC&gt;0&lt;/NUMOFDEC&gt;
                &lt;SIGN&gt;&lt;/SIGN&gt;
                &lt;CURRENCY&gt;USD&lt;/CURRENCY&gt;
                &lt;DRCR&gt;&lt;/DRCR&gt;
              &lt;/JNJNetAmount&gt;
              &lt;JNJAmount&gt;
                &lt;qualifier&gt;ACTUAL&lt;/qualifier&gt;
                &lt;type&gt;T&lt;/type&gt;
                &lt;index&gt;&lt;/index&gt;
                &lt;VALUE&gt;20000&lt;/VALUE&gt;
                &lt;NUMOFDEC&gt;0&lt;/NUMOFDEC&gt;
                &lt;SIGN&gt;&lt;/SIGN&gt;
                &lt;CURRENCY&gt;USD&lt;/CURRENCY&gt;
                &lt;DRCR&gt;&lt;/DRCR&gt;
              &lt;/JNJAmount&gt;
              &lt;JNJAmount&gt;
                &lt;qualifier&gt;ACTUAL&lt;/qualifier&gt;
                &lt;type&gt;B&lt;/type&gt;
                &lt;index&gt;&lt;/index&gt;
                &lt;VALUE&gt;20000&lt;/VALUE&gt;
                &lt;NUMOFDEC&gt;0&lt;/NUMOFDEC&gt;
                &lt;SIGN&gt;&lt;/SIGN&gt;
                &lt;CURRENCY&gt;USD&lt;/CURRENCY&gt;
                &lt;DRCR&gt;&lt;/DRCR&gt;
              &lt;/JNJAmount&gt;
              &lt;JNJAmount&gt;
                &lt;qualifier&gt;ACTUAL&lt;/qualifier&gt;
                &lt;type&gt;L&lt;/type&gt;
                &lt;index&gt;&lt;/index&gt;
                &lt;VALUE&gt;20000&lt;/VALUE&gt;
                &lt;NUMOFDEC&gt;0&lt;/NUMOFDEC&gt;
                &lt;SIGN&gt;&lt;/SIGN&gt;
                &lt;CURRENCY&gt;USD&lt;/CURRENCY&gt;
                &lt;DRCR&gt;&lt;/DRCR&gt;
              &lt;/JNJAmount&gt;
              &lt;JNJConsumptionTaxCode&gt;C1&lt;/JNJConsumptionTaxCode&gt;
              &lt;JNJPreparerEmail&gt;373677@its.jnj.com&lt;/JNJPreparerEmail&gt;
              &lt;JNJPreparerName&gt;
                &lt;body&gt;AARON N ULM&lt;/body&gt;
                &lt;index&gt;0&lt;/index&gt;
              &lt;/JNJPreparerName&gt;
              &lt;JNJPreparerTelephone&gt;
                &lt;body&gt;+1 732 524-1813&lt;/body&gt;
                &lt;index&gt;0&lt;/index&gt;
              &lt;/JNJPreparerTelephone&gt;
              &lt;JNJPlantMaintenanceOrder&gt;&lt;/JNJPlantMaintenanceOrder&gt;
              &lt;JNJMaterialGroup&gt;&lt;/JNJMaterialGroup&gt;
              &lt;JNJIncoTerms&gt;DJJ&lt;/JNJIncoTerms&gt;
              &lt;JNJPaymentTerms&gt;L008&lt;/JNJPaymentTerms&gt;
              &lt;JNJTaxAmount&gt;
                &lt;AMOUNT&gt;
                  &lt;qualifier&gt;ACTUAL&lt;/qualifier&gt;
                  &lt;type&gt;TAX&lt;/type&gt;
                  &lt;index&gt;&lt;/index&gt;
                  &lt;VALUE&gt;0&lt;/VALUE&gt;
                  &lt;NUMOFDEC&gt;0&lt;/NUMOFDEC&gt;
                  &lt;SIGN&gt;+&lt;/SIGN&gt;
                  &lt;CURRENCY&gt;USD&lt;/CURRENCY&gt;
                  &lt;DRCR&gt;CR&lt;/DRCR&gt;
                &lt;/AMOUNT&gt;
              &lt;/JNJTaxAmount&gt;
              &lt;JNJManPartNumber&gt;&lt;/JNJManPartNumber&gt;
              &lt;JNJIsAdhoc&gt;false&lt;/JNJIsAdhoc&gt;
              &lt;JNJLegalAgreementNumber&gt;&lt;/JNJLegalAgreementNumber&gt;
            &lt;/POLINE&gt;
          &lt;/POHEADER&gt;
        &lt;/PO&gt;
      &lt;/DATAAREA&gt;
    &lt;/PurchaseOrder&gt;
    &lt;_env&gt;
      &lt;locale&gt;&lt;/locale&gt;
      &lt;activation&gt;wm6e2b64819-cc94-4746-87fd-b637d1377367&lt;/activation&gt;
      &lt;businessContext&gt;wm6:e2b64819-cc94-4746-87fd-b637d1377367\snull\snull:wm6e2b64819-cc94-4746-87fd-b637d1377367:null:IS_61:null&lt;/businessContext&gt;
      &lt;uuid&gt;wm:9d24cdf0-d0ac-11ec-979a-00000000240b&lt;/uuid&gt;
      &lt;trackId&gt;wm:9d24cdf0-d0ac-11ec-979a-00000000240b&lt;/trackId&gt;
      &lt;age&gt;0&lt;/age&gt;
      &lt;pubId&gt;/QA_CORP2_NA_TRTY/QA_CORP2_NA_BKR/QA_CORP_NA_IS97_DefaultClient_MultiPub&lt;/pubId&gt;
      &lt;route&gt;
        &lt;enqueueTime&gt;Tue May 10 18:00:33 EDT 2022&lt;/enqueueTime&gt;
        &lt;recvTime&gt;Tue May 10 18:00:33 EDT 2022&lt;/recvTime&gt;
        &lt;broker&gt;/QA_CORP2_NA_TRTY/QA_CORP2_NA_BKR&lt;/broker&gt;
      &lt;/route&gt;
      &lt;route&gt;
        &lt;enqueueTime&gt;Tue May 10 18:00:33 EDT 2022&lt;/enqueueTime&gt;
        &lt;recvTime&gt;Tue May 10 18:00:33 EDT 2022&lt;/recvTime&gt;
        &lt;broker&gt;/QA_GLOBAL_GWY_V7/QA_CORP2_NA_GWY_BKR&lt;/broker&gt;
      &lt;/route&gt;
      &lt;route&gt;
        &lt;enqueueTime&gt;Tue May 10 18:00:33 EDT 2022&lt;/enqueueTime&gt;
        &lt;recvTime&gt;Tue May 10 18:00:33 EDT 2022&lt;/recvTime&gt;
        &lt;broker&gt;/QA_GLOBAL_GWY_V7/QA_VIST2_NA_GWY_BKR&lt;/broker&gt;
      &lt;/route&gt;
      &lt;enqueueTime&gt;Tue May 10 18:00:33 EDT 2022&lt;/enqueueTime&gt;
      &lt;recvTime&gt;Tue May 10 18:00:33 EDT 2022&lt;/recvTime&gt;
      &lt;errorsTo&gt;/QA_CORP2_NA_TRTY/QA_CORP2_NA_BKR/QA_CORP_NA_IS97_DefaultClient&lt;/errorsTo&gt;
    &lt;/_env&gt;
  &lt;/JU_TBICanonicals_v2.docs.UDMDocuments:PurchaseOrder&gt;</value>
  <record name="type" javaclass="com.wm.util.Values">
    <value name="node_type">field</value>
    <value name="node_subtype">unknown</value>
    <value name="is_public">false</value>
    <value name="field_name">xmldata</value>
    <value name="field_type">string</value>
    <value name="field_dim">0</value>
    <value name="field_opt">true</value>
    <value name="nillable">true</value>
    <value name="form_qualified">false</value>
    <value name="is_global">false</value>
  </record>
</Values>
</DATA>
</MAPSET>

<MAPSET NAME="Setter" OVERWRITE="true" VARIABLES="false" GLOBALVARIABLES="false" FIELD="/isXML;1;0">
  <DATA ENCODING="XMLValues" I18N="true">

<Values version="2.0">
  <value name="xml">true</value>
  <record name="type" javaclass="com.wm.util.Values">
    <value name="node_type">field</value>
    <value name="node_subtype">unknown</value>
    <value name="is_public">false</value>
    <value name="field_name">isXML</value>
    <value name="field_type">string</value>
    <value name="field_dim">0</value>
    <value name="field_opt">true</value>
    <array name="field_options" type="value" depth="1">
      <value>false</value>
      <value>true</value>
      <value>autoDetect</value>
    </array>
    <value name="nillable">true</value>
    <value name="form_qualified">false</value>
    <value name="is_global">false</value>
  </record>
</Values>
</DATA>
</MAPSET>
</MAP>
</INVOKE>

<INVOKE TIMEOUT="" SERVICE="pub.xml:xmlNodeToDocument" VALIDATE-IN="$none" VALIDATE-OUT="$none">
  <COMMENT></COMMENT>
</INVOKE>

<INVOKE TIMEOUT="" SERVICE="CU111_Atlas_IDP_Ariba.PurchaseOrder:PurchaseOrder" VALIDATE-IN="$none" VALIDATE-OUT="$none">
  <COMMENT></COMMENT>

  <!-- nodes -->

<MAP MODE="INPUT">
  <MAPTARGET>

<Values version="2.0">
  <record name="xml" javaclass="com.wm.util.Values">
    <value name="node_type">record</value>
    <value name="node_subtype">unknown</value>
    <value name="is_public">false</value>
    <value name="field_type">record</value>
    <value name="field_dim">0</value>
    <value name="wrapper_type">IData</value>
    <value name="nillable">true</value>
    <value name="form_qualified">false</value>
    <value name="is_global">false</value>
    <array name="rec_fields" type="record" depth="1">
      <record javaclass="com.wm.util.Values">
        <value name="node_type">record</value>
        <value name="node_subtype">unknown</value>
        <value name="node_comment"></value>
        <record name="node_hints" javaclass="com.wm.util.Values">
          <value name="field_largerEditor">false</value>
          <value name="field_password">false</value>
        </record>
        <value name="is_public">false</value>
        <value name="field_name">JU_TBICanonicals_v2.docs.UDMDocuments:PurchaseOrder</value>
        <value name="field_type">recref</value>
        <value name="field_dim">0</value>
        <value name="wrapper_type">IData</value>
        <value name="nillable">true</value>
        <value name="form_qualified">false</value>
        <value name="is_global">false</value>
        <value name="rec_closed">true</value>
        <value name="modifiable">true</value>
        <value name="rec_ref">JU_TBICanonicals_v2.docs.UDMDocuments:PurchaseOrder</value>
      </record>
    </array>
    <value name="modifiable">true</value>
  </record>
</Values>
</MAPTARGET>
  <MAPSOURCE>

<Values version="2.0">
  <record name="xml" javaclass="com.wm.util.Values">
    <value name="node_type">record</value>
    <value name="node_subtype">unknown</value>
    <value name="is_public">false</value>
    <value name="field_type">record</value>
    <value name="field_dim">0</value>
    <value name="nillable">true</value>
    <value name="form_qualified">false</value>
    <value name="is_global">false</value>
    <array name="rec_fields" type="record" depth="1">
      <record javaclass="com.wm.util.Values">
        <value name="node_type">unknown</value>
        <value name="node_subtype">unknown</value>
        <value name="is_public">false</value>
        <value name="field_name">xmldata</value>
        <value name="field_type">string</value>
        <value name="field_dim">0</value>
        <value name="nillable">true</value>
        <value name="form_qualified">false</value>
        <value name="is_global">false</value>
      </record>
      <record javaclass="com.wm.util.Values">
        <value name="node_type">unknown</value>
        <value name="node_subtype">unknown</value>
        <value name="is_public">false</value>
        <value name="field_name">isXML</value>
        <value name="field_type">string</value>
        <value name="field_dim">0</value>
        <value name="nillable">true</value>
        <value name="form_qualified">false</value>
        <value name="is_global">false</value>
      </record>
      <record javaclass="com.wm.util.Values">
        <value name="node_type">field</value>
        <value name="node_subtype">unknown</value>
        <value name="is_public">false</value>
        <value name="field_name">node</value>
        <value name="field_type">object</value>
        <value name="field_dim">0</value>
        <value name="nillable">true</value>
        <value name="form_qualified">false</value>
        <value name="is_global">false</value>
      </record>
      <record javaclass="com.wm.util.Values">
        <value name="node_type">record</value>
        <value name="node_subtype">unknown</value>
        <value name="is_public">false</value>
        <value name="field_name">document</value>
        <value name="field_type">record</value>
        <value name="field_dim">0</value>
        <value name="nillable">true</value>
        <value name="form_qualified">false</value>
        <value name="is_global">false</value>
        <array name="rec_fields" type="record" depth="1">
        </array>
        <value name="modifiable">true</value>
      </record>
    </array>
    <value name="modifiable">true</value>
  </record>
</Values>
</MAPSOURCE>

  <!-- nodes -->

<MAPCOPY FROM="/document;2;0" TO="/JU_TBICanonicals_v2.docs.UDMDocuments:PurchaseOrder;4;0;JU_TBICanonicals_v2.docs.UDMDocuments:PurchaseOrder">
</MAPCOPY>
</MAP>
</INVOKE>
</FLOW>
