<?xml version="1.0" encoding="UTF-8"?>

<FLOW VERSION="3.0" CLEANUP="true">

  <!-- nodes -->

<INVOKE TIMEOUT="" SERVICE="pub.xml:xmlStringToXMLNode" VALIDATE-IN="$none" VALIDATE-OUT="$none">
  <COMMENT></COMMENT>

  <!-- nodes -->

<MAP MODE="INPUT">
  <MAPTARGET>

<Values version="2.0">
  <record name="xml" javaclass="com.wm.util.Values">
    <value name="node_type">record</value>
    <value name="node_subtype">unknown</value>
    <value name="is_public">false</value>
    <value name="field_name">xmlStringToXMLNodeInput</value>
    <value name="field_type">record</value>
    <value name="field_dim">0</value>
    <value name="wrapper_type">IData</value>
    <value name="nillable">true</value>
    <value name="form_qualified">false</value>
    <value name="is_global">false</value>
    <array name="rec_fields" type="record" depth="1">
      <record javaclass="com.wm.util.Values">
        <value name="node_type">field</value>
        <value name="node_subtype">unknown</value>
        <value name="is_public">false</value>
        <value name="field_name">xmldata</value>
        <value name="field_type">string</value>
        <value name="field_dim">0</value>
        <value name="field_opt">true</value>
        <value name="nillable">true</value>
        <value name="form_qualified">false</value>
        <value name="is_global">false</value>
      </record>
      <record javaclass="com.wm.util.Values">
        <value name="node_type">field</value>
        <value name="node_subtype">unknown</value>
        <value name="is_public">false</value>
        <value name="field_name">$filedata</value>
        <value name="field_type">object</value>
        <value name="field_dim">0</value>
        <value name="field_opt">true</value>
        <value name="nillable">true</value>
        <value name="form_qualified">false</value>
        <value name="is_global">false</value>
      </record>
      <record javaclass="com.wm.util.Values">
        <value name="node_type">field</value>
        <value name="node_subtype">unknown</value>
        <value name="is_public">false</value>
        <value name="field_name">$filestream</value>
        <value name="field_type">object</value>
        <value name="field_dim">0</value>
        <value name="field_opt">true</value>
        <value name="nillable">true</value>
        <value name="form_qualified">false</value>
        <value name="is_global">false</value>
      </record>
      <record javaclass="com.wm.util.Values">
        <value name="node_type">field</value>
        <value name="node_subtype">unknown</value>
        <value name="is_public">false</value>
        <value name="field_name">encoding</value>
        <value name="field_type">string</value>
        <value name="field_dim">0</value>
        <value name="field_opt">true</value>
        <value name="nillable">true</value>
        <value name="form_qualified">false</value>
        <value name="is_global">false</value>
      </record>
      <record javaclass="com.wm.util.Values">
        <value name="node_type">field</value>
        <value name="node_subtype">unknown</value>
        <value name="is_public">false</value>
        <value name="field_name">expandDTD</value>
        <value name="field_type">string</value>
        <value name="field_dim">0</value>
        <value name="field_opt">true</value>
        <array name="field_options" type="value" depth="1">
          <value>false</value>
          <value>true</value>
        </array>
        <value name="nillable">true</value>
        <value name="form_qualified">false</value>
        <value name="is_global">false</value>
      </record>
      <record javaclass="com.wm.util.Values">
        <value name="node_type">field</value>
        <value name="node_subtype">unknown</value>
        <value name="is_public">false</value>
        <value name="field_name">isXML</value>
        <value name="field_type">string</value>
        <value name="field_dim">0</value>
        <value name="field_opt">true</value>
        <array name="field_options" type="value" depth="1">
          <value>false</value>
          <value>true</value>
          <value>autoDetect</value>
        </array>
        <value name="nillable">true</value>
        <value name="form_qualified">false</value>
        <value name="is_global">false</value>
      </record>
      <record javaclass="com.wm.util.Values">
        <value name="node_type">field</value>
        <value name="node_subtype">unknown</value>
        <value name="is_public">false</value>
        <value name="field_name">expandGeneralEntities</value>
        <value name="field_type">string</value>
        <value name="field_dim">0</value>
        <value name="field_opt">true</value>
        <array name="field_options" type="value" depth="1">
          <value>true</value>
          <value>false</value>
        </array>
        <value name="nillable">true</value>
        <value name="form_qualified">false</value>
        <value name="is_global">false</value>
      </record>
      <record javaclass="com.wm.util.Values">
        <value name="node_type">field</value>
        <value name="node_subtype">unknown</value>
        <value name="is_public">false</value>
        <value name="field_name">validateXML</value>
        <value name="field_type">string</value>
        <value name="field_dim">0</value>
        <value name="field_opt">true</value>
        <array name="field_options" type="value" depth="1">
          <value>false</value>
          <value>true</value>
        </array>
        <value name="nillable">true</value>
        <value name="form_qualified">false</value>
        <value name="is_global">false</value>
      </record>
    </array>
    <value name="modifiable">true</value>
  </record>
</Values>
</MAPTARGET>
  <MAPSOURCE>

<Values version="2.0">
  <record name="xml" javaclass="com.wm.util.Values">
    <value name="node_type">record</value>
    <value name="node_subtype">unknown</value>
    <value name="is_public">false</value>
    <value name="field_type">record</value>
    <value name="field_dim">0</value>
    <value name="nillable">true</value>
    <value name="form_qualified">false</value>
    <value name="is_global">false</value>
    <array name="rec_fields" type="record" depth="1">
    </array>
    <value name="modifiable">true</value>
  </record>
</Values>
</MAPSOURCE>

  <!-- nodes -->

<MAPSET NAME="Setter" OVERWRITE="true" VARIABLES="false" GLOBALVARIABLES="false" FIELD="/xmldata;1;0">
  <DATA ENCODING="XMLValues" I18N="true">

<Values version="2.0">
  <value name="xml">&lt;?xml version="1.0" encoding="UTF-8"?&gt;

&lt;IDataXMLCoder version="1.0"&gt;
  &lt;record javaclass="com.wm.util.Values"&gt;
    &lt;record name="ProcessPurchaseOrder" javaclass="com.wm.data.ISMemDataImpl"&gt;
      &lt;record name="ns:ProcessPurchaseOrder" javaclass="com.wm.data.ISMemDataImpl"&gt;
        &lt;value name="@releaseID"&gt;9.0&lt;/value&gt;
        &lt;record name="ns:ApplicationArea" javaclass="com.wm.data.ISMemDataImpl"&gt;
          &lt;record name="ns:Sender" javaclass="com.wm.data.ISMemDataImpl"&gt;
            &lt;record name="ns:LogicalID" javaclass="com.wm.data.ISMemDataImpl"&gt;
              &lt;value name="*body"&gt;OrderManagement&lt;/value&gt;
            &lt;/record&gt;
            &lt;record name="ns:ComponentID" javaclass="com.wm.data.ISMemDataImpl"&gt;
              &lt;value name="*body"&gt;Customer&lt;/value&gt;
            &lt;/record&gt;
            &lt;record name="ns:TaskID" javaclass="com.wm.data.ISMemDataImpl"&gt;
              &lt;value name="*body"&gt;PlaceOrder&lt;/value&gt;
            &lt;/record&gt;
            &lt;record name="ns:ReferenceID" javaclass="com.wm.data.ISMemDataImpl"&gt;
              &lt;value name="*body"&gt;6106283&lt;/value&gt;
            &lt;/record&gt;
            &lt;record name="ns:ConfirmationCode" javaclass="com.wm.data.ISMemDataImpl"&gt;
              &lt;value name="*body"&gt;0&lt;/value&gt;
            &lt;/record&gt;
            &lt;record name="ns:AuthorizationID" javaclass="com.wm.data.ISMemDataImpl"&gt;
              &lt;value name="*body"&gt;1&lt;/value&gt;
            &lt;/record&gt;
          &lt;/record&gt;
          &lt;value name="ns:CreationDateTime"&gt;2022-05-19T23:29:22Z&lt;/value&gt;
        &lt;/record&gt;
        &lt;record name="ns:DataArea" javaclass="com.wm.data.ISMemDataImpl"&gt;
          &lt;record name="ns:Process" javaclass="com.wm.data.ISMemDataImpl"&gt;
            &lt;array name="ns:ActionCriteria" type="record" depth="1"&gt;
              &lt;record javaclass="com.wm.data.ISMemDataImpl"&gt;
                &lt;array name="ns:ActionExpression" type="record" depth="1"&gt;
                  &lt;record javaclass="com.wm.data.ISMemDataImpl"&gt;
                    &lt;value name="*body"&gt;PROCESS&lt;/value&gt;
                    &lt;value name="@actionCode"&gt;PROCESS&lt;/value&gt;
                  &lt;/record&gt;
                &lt;/array&gt;
              &lt;/record&gt;
            &lt;/array&gt;
          &lt;/record&gt;
          &lt;array name="ns:PurchaseOrder" type="record" depth="1"&gt;
            &lt;record javaclass="com.wm.data.ISMemDataImpl"&gt;
              &lt;record name="ns:PurchaseOrderHeader" javaclass="com.wm.data.ISMemDataImpl"&gt;
                &lt;record name="ns:DocumentID" javaclass="com.wm.data.ISMemDataImpl"&gt;
                  &lt;record name="ns:ID" javaclass="com.wm.data.ISMemDataImpl"&gt;
                    &lt;value name="*body"&gt;00703929&lt;/value&gt;
                  &lt;/record&gt;
                &lt;/record&gt;
                &lt;value name="ns:DocumentDateTime"&gt;2022-02-01T00:00:00Z&lt;/value&gt;
                &lt;record name="ns:Status" javaclass="com.wm.data.ISMemDataImpl"&gt;
                  &lt;record name="ns:Code" javaclass="com.wm.data.ISMemDataImpl"&gt;
                    &lt;value name="*body"&gt;ZOR&lt;/value&gt;
                  &lt;/record&gt;
                &lt;/record&gt;
                &lt;record name="ns:ShipToParty" javaclass="com.wm.data.ISMemDataImpl"&gt;
                  &lt;record name="ns:PartyIDs" javaclass="com.wm.data.ISMemDataImpl"&gt;
                    &lt;array name="ns:ID" type="record" depth="1"&gt;
                      &lt;record javaclass="com.wm.data.ISMemDataImpl"&gt;
                        &lt;value name="*body"&gt;6106283&lt;/value&gt;
                      &lt;/record&gt;
                    &lt;/array&gt;
                  &lt;/record&gt;
                &lt;/record&gt;
                &lt;array name="ns:TransportationTerm" type="record" depth="1"&gt;
                  &lt;record javaclass="com.wm.data.ISMemDataImpl"&gt;
                    &lt;record name="ns:FreightTermCode" javaclass="com.wm.data.ISMemDataImpl"&gt;
                      &lt;null name="*body"/&gt;
                    &lt;/record&gt;
                  &lt;/record&gt;
                &lt;/array&gt;
                &lt;record name="ns:BuyerParty" javaclass="com.wm.data.ISMemDataImpl"&gt;
                  &lt;record name="ns:PartyIDs" javaclass="com.wm.data.ISMemDataImpl"&gt;
                    &lt;array name="ns:ID" type="record" depth="1"&gt;
                      &lt;record javaclass="com.wm.data.ISMemDataImpl"&gt;
                        &lt;value name="*body"&gt;6106283&lt;/value&gt;
                      &lt;/record&gt;
                    &lt;/array&gt;
                  &lt;/record&gt;
                  &lt;array name="ns:Contact" type="record" depth="1"&gt;
                    &lt;record javaclass="com.wm.data.ISMemDataImpl"&gt;
                      &lt;record name="ns:Name" javaclass="com.wm.data.ISMemDataImpl"&gt;
                        &lt;value name="*body"&gt;OSI_PMS&lt;/value&gt;
                      &lt;/record&gt;
                    &lt;/record&gt;
                  &lt;/array&gt;
                &lt;/record&gt;
              &lt;/record&gt;
              &lt;array name="ns:PurchaseOrderLine" type="record" depth="1"&gt;
                &lt;record javaclass="com.wm.data.ISMemDataImpl"&gt;
                  &lt;record name="ns:LineNumber" javaclass="com.wm.data.ISMemDataImpl"&gt;
                    &lt;value name="*body"&gt;000001&lt;/value&gt;
                  &lt;/record&gt;
                  &lt;record name="ns:Quantity" javaclass="com.wm.data.ISMemDataImpl"&gt;
                    &lt;value name="*body"&gt;1&lt;/value&gt;
                    &lt;value name="@unitCode"&gt;EA&lt;/value&gt;
                  &lt;/record&gt;
                  &lt;record name="ns:Item" javaclass="com.wm.data.ISMemDataImpl"&gt;
                    &lt;record name="ns:SupplierItemID" javaclass="com.wm.data.ISMemDataImpl"&gt;
                      &lt;record name="ns:ID" javaclass="com.wm.data.ISMemDataImpl"&gt;
                        &lt;value name="*body"&gt;733905388613&lt;/value&gt;
                      &lt;/record&gt;
                    &lt;/record&gt;
                  &lt;/record&gt;
                  &lt;array name="ns:DocumentReference" type="record" depth="1"&gt;
                    &lt;record javaclass="com.wm.data.ISMemDataImpl"&gt;
                      &lt;value name="@type"&gt;PatientReference&lt;/value&gt;
                      &lt;record name="ns:DocumentID" javaclass="com.wm.data.ISMemDataImpl"&gt;
                        &lt;record name="ns:ID" javaclass="com.wm.data.ISMemDataImpl"&gt;
                          &lt;value name="*body"&gt;00703929&lt;/value&gt;
                        &lt;/record&gt;
                      &lt;/record&gt;
                    &lt;/record&gt;
                  &lt;/array&gt;
                &lt;/record&gt;
                &lt;record javaclass="com.wm.data.ISMemDataImpl"&gt;
                  &lt;record name="ns:LineNumber" javaclass="com.wm.data.ISMemDataImpl"&gt;
                    &lt;value name="*body"&gt;000002&lt;/value&gt;
                  &lt;/record&gt;
                  &lt;record name="ns:Quantity" javaclass="com.wm.data.ISMemDataImpl"&gt;
                    &lt;value name="*body"&gt;1&lt;/value&gt;
                    &lt;value name="@unitCode"&gt;EA&lt;/value&gt;
                  &lt;/record&gt;
                  &lt;record name="ns:Item" javaclass="com.wm.data.ISMemDataImpl"&gt;
                    &lt;record name="ns:SupplierItemID" javaclass="com.wm.data.ISMemDataImpl"&gt;
                      &lt;record name="ns:ID" javaclass="com.wm.data.ISMemDataImpl"&gt;
                        &lt;value name="*body"&gt;733905388569&lt;/value&gt;
                      &lt;/record&gt;
                    &lt;/record&gt;
                  &lt;/record&gt;
                  &lt;array name="ns:DocumentReference" type="record" depth="1"&gt;
                    &lt;record javaclass="com.wm.data.ISMemDataImpl"&gt;
                      &lt;value name="@type"&gt;PatientReference&lt;/value&gt;
                      &lt;record name="ns:DocumentID" javaclass="com.wm.data.ISMemDataImpl"&gt;
                        &lt;record name="ns:ID" javaclass="com.wm.data.ISMemDataImpl"&gt;
                          &lt;value name="*body"&gt;00703929&lt;/value&gt;
                        &lt;/record&gt;
                      &lt;/record&gt;
                    &lt;/record&gt;
                  &lt;/array&gt;
                &lt;/record&gt;
              &lt;/array&gt;
            &lt;/record&gt;
          &lt;/array&gt;
        &lt;/record&gt;
      &lt;/record&gt;
    &lt;/record&gt;
    &lt;value name="NoofLines"&gt;2&lt;/value&gt;
    &lt;record name="logData" javaclass="com.wm.data.ISMemDataImpl"&gt;
      &lt;value name="SalesOrderNumber"&gt;00703929&lt;/value&gt;
      &lt;value name="NoofLines"&gt;2&lt;/value&gt;
      &lt;value name="SegmentControlNumber"&gt;00703929&lt;/value&gt;
      &lt;value name="Standard"&gt;X12&lt;/value&gt;
    &lt;/record&gt;
    &lt;value name="messageID"&gt;Unavailable&lt;/value&gt;
    &lt;value name="SONumber"&gt;00703929&lt;/value&gt;
    &lt;value name="message"&gt;==================&amp;gt; inside 4010 branch&lt;/value&gt;
    &lt;value name="fileName"&gt;1014PUB&lt;/value&gt;
    &lt;record name="GenericSalesOrder" javaclass="com.wm.data.ISMemDataImpl"&gt;
      &lt;record name="X12_4010_850" javaclass="com.wm.data.ISMemDataImpl"&gt;
        &lt;record name="ST" javaclass="com.wm.data.ISMemDataImpl"&gt;
          &lt;value name="@record-id"&gt;ST&lt;/value&gt;
          &lt;value name="@position"&gt;10&lt;/value&gt;
          &lt;value name="@area"&gt;heading&lt;/value&gt;
          &lt;record name="@delimiters" javaclass="com.wm.data.ISMemDataImpl"&gt;
            &lt;value name="record"&gt;~&lt;/value&gt;
            &lt;value name="field"&gt;*&lt;/value&gt;
            &lt;value name="subfield"&gt;&amp;gt;&lt;/value&gt;
            &lt;record name="FormatInfo" javaclass="com.wm.data.ISMemDataImpl"&gt;
            &lt;/record&gt;
          &lt;/record&gt;
          &lt;array name="@childErrors" type="value" depth="1"&gt;
            &lt;value&gt;PO1&lt;/value&gt;
          &lt;/array&gt;
          &lt;value name="@segment-id"&gt;ST&lt;/value&gt;
          &lt;record name="ST01" javaclass="com.wm.data.ISMemDataImpl"&gt;
            &lt;value name="code"&gt;850&lt;/value&gt;
          &lt;/record&gt;
          &lt;value name="ST02"&gt;00703929&lt;/value&gt;
          &lt;record name="BEG" javaclass="com.wm.data.ISMemDataImpl"&gt;
            &lt;value name="@record-id"&gt;BEG&lt;/value&gt;
            &lt;value name="@position"&gt;20&lt;/value&gt;
            &lt;value name="@area"&gt;heading&lt;/value&gt;
            &lt;value name="@segment-id"&gt;BEG&lt;/value&gt;
            &lt;record name="BEG01" javaclass="com.wm.data.ISMemDataImpl"&gt;
              &lt;value name="code"&gt;00&lt;/value&gt;
            &lt;/record&gt;
            &lt;record name="BEG02" javaclass="com.wm.data.ISMemDataImpl"&gt;
              &lt;value name="code"&gt;SA&lt;/value&gt;
            &lt;/record&gt;
            &lt;value name="BEG03"&gt;00703929&lt;/value&gt;
            &lt;value name="BEG05"&gt;02/01/2022&lt;/value&gt;
          &lt;/record&gt;
          &lt;record name="CUR" javaclass="com.wm.data.ISMemDataImpl"&gt;
            &lt;value name="@record-id"&gt;CUR&lt;/value&gt;
            &lt;value name="@position"&gt;40&lt;/value&gt;
            &lt;value name="@area"&gt;heading&lt;/value&gt;
            &lt;value name="@segment-id"&gt;CUR&lt;/value&gt;
            &lt;record name="CUR01" javaclass="com.wm.data.ISMemDataImpl"&gt;
              &lt;value name="code"&gt;BY&lt;/value&gt;
            &lt;/record&gt;
            &lt;record name="CUR02" javaclass="com.wm.data.ISMemDataImpl"&gt;
              &lt;value name="code"&gt;CAD&lt;/value&gt;
            &lt;/record&gt;
          &lt;/record&gt;
          &lt;array name="REF" type="record" depth="1"&gt;
            &lt;record javaclass="com.wm.data.ISMemDataImpl"&gt;
              &lt;value name="@record-id"&gt;REF&lt;/value&gt;
              &lt;value name="@position"&gt;50&lt;/value&gt;
              &lt;value name="@area"&gt;heading&lt;/value&gt;
              &lt;value name="@segment-id"&gt;REF&lt;/value&gt;
              &lt;record name="REF01" javaclass="com.wm.data.ISMemDataImpl"&gt;
                &lt;value name="code"&gt;VR&lt;/value&gt;
              &lt;/record&gt;
              &lt;value name="REF02"&gt;OSI_PMS&lt;/value&gt;
              &lt;value name="@loops-id"&gt;REF__ST&lt;/value&gt;
            &lt;/record&gt;
          &lt;/array&gt;
          &lt;array name="DTM" type="record" depth="1"&gt;
            &lt;record javaclass="com.wm.data.ISMemDataImpl"&gt;
              &lt;value name="@record-id"&gt;DTM&lt;/value&gt;
              &lt;value name="@position"&gt;150&lt;/value&gt;
              &lt;value name="@area"&gt;heading&lt;/value&gt;
              &lt;value name="@segment-id"&gt;DTM&lt;/value&gt;
              &lt;record name="DTM01" javaclass="com.wm.data.ISMemDataImpl"&gt;
                &lt;value name="code"&gt;004&lt;/value&gt;
              &lt;/record&gt;
              &lt;value name="DTM02"&gt;02/01/2022&lt;/value&gt;
              &lt;value name="@loops-id"&gt;DTM__ST&lt;/value&gt;
            &lt;/record&gt;
          &lt;/array&gt;
          &lt;array name="N1" type="record" depth="1"&gt;
            &lt;record javaclass="com.wm.data.ISMemDataImpl"&gt;
              &lt;value name="@record-id"&gt;N1&lt;/value&gt;
              &lt;value name="@position"&gt;312&lt;/value&gt;
              &lt;value name="@area"&gt;heading&lt;/value&gt;
              &lt;value name="@segment-id"&gt;N1&lt;/value&gt;
              &lt;record name="N101" javaclass="com.wm.data.ISMemDataImpl"&gt;
                &lt;value name="code"&gt;ST&lt;/value&gt;
              &lt;/record&gt;
              &lt;value name="N102"&gt;Clinic SOI - Dev&lt;/value&gt;
              &lt;record name="N103" javaclass="com.wm.data.ISMemDataImpl"&gt;
                &lt;value name="code"&gt;ST&lt;/value&gt;
              &lt;/record&gt;
              &lt;value name="N104"&gt;6106283&lt;/value&gt;
              &lt;value name="@loops-id"&gt;N1__ST&lt;/value&gt;
            &lt;/record&gt;
          &lt;/array&gt;
          &lt;array name="PO1" type="record" depth="1"&gt;
            &lt;record javaclass="com.wm.data.ISMemDataImpl"&gt;
              &lt;value name="@record-id"&gt;PO1&lt;/value&gt;
              &lt;value name="@position"&gt;10&lt;/value&gt;
              &lt;value name="@area"&gt;detail&lt;/value&gt;
              &lt;array name="@childErrors" type="value" depth="1"&gt;
                &lt;value&gt;REF&lt;/value&gt;
              &lt;/array&gt;
              &lt;value name="@segment-id"&gt;PO1&lt;/value&gt;
              &lt;value name="PO101"&gt;000001&lt;/value&gt;
              &lt;value name="PO102"&gt;1&lt;/value&gt;
              &lt;record name="PO103" javaclass="com.wm.data.ISMemDataImpl"&gt;
                &lt;value name="code"&gt;EA&lt;/value&gt;
              &lt;/record&gt;
              &lt;value name="PO104"&gt;27.00&lt;/value&gt;
              &lt;record name="PO106" javaclass="com.wm.data.ISMemDataImpl"&gt;
                &lt;value name="code"&gt;UP&lt;/value&gt;
              &lt;/record&gt;
              &lt;value name="PO107"&gt;733905388613&lt;/value&gt;
              &lt;value name="@loops-id"&gt;PO1__ST&lt;/value&gt;
              &lt;array name="REF" type="record" depth="1"&gt;
                &lt;record javaclass="com.wm.data.ISMemDataImpl"&gt;
                  &lt;value name="@record-id"&gt;REF&lt;/value&gt;
                  &lt;value name="@position"&gt;98&lt;/value&gt;
                  &lt;value name="@area"&gt;detail&lt;/value&gt;
                  &lt;array name="@childErrors" type="value" depth="1"&gt;
                    &lt;value&gt;PID&lt;/value&gt;
                  &lt;/array&gt;
                  &lt;array name="@errors" type="record" depth="1"&gt;
                    &lt;record javaclass="com.wm.data.ISMemDataImpl"&gt;
                      &lt;value name="errorPosition"&gt;9&lt;/value&gt;
                      &lt;value name="errorMessage"&gt;[FFP.0011.0012] Unexpected record.&lt;/value&gt;
                      &lt;value name="errorCode"&gt;12&lt;/value&gt;
                      &lt;value name="reference"&gt;PID&lt;/value&gt;
                      &lt;null name="badData"/&gt;
                      &lt;value name="errorPath"&gt;/ST/PO1[0]/REF[0]/PID&lt;/value&gt;
                    &lt;/record&gt;
                  &lt;/array&gt;
                  &lt;value name="@segment-id"&gt;REF&lt;/value&gt;
                  &lt;record name="REF01" javaclass="com.wm.data.ISMemDataImpl"&gt;
                    &lt;value name="code"&gt;CR&lt;/value&gt;
                  &lt;/record&gt;
                  &lt;value name="REF02"&gt;00703929&lt;/value&gt;
                  &lt;value name="@loops-id"&gt;REF__PO1&lt;/value&gt;
                  &lt;record name="PID" javaclass="com.wm.data.ISMemDataImpl"&gt;
                    &lt;value name="@record-id"&gt;PID&lt;/value&gt;
                    &lt;value name="@position"&gt;552&lt;/value&gt;
                    &lt;value name="@area"&gt;detail&lt;/value&gt;
                    &lt;array name="@errors" type="record" depth="1"&gt;
                      &lt;record javaclass="com.wm.data.ISMemDataImpl"&gt;
                        &lt;value name="errorPosition"&gt;9&lt;/value&gt;
                        &lt;value name="errorMessage"&gt;[FFP.0011.0016] Element has nested errors&lt;/value&gt;
                        &lt;value name="errorCode"&gt;16&lt;/value&gt;
                        &lt;value name="reference"&gt;PID&lt;/value&gt;
                        &lt;null name="badData"/&gt;
                        &lt;array name="childErrors" type="record" depth="1"&gt;
                          &lt;record javaclass="com.wm.data.ISMemDataImpl"&gt;
                            &lt;value name="errorPosition"&gt;5&lt;/value&gt;
                            &lt;value name="errorMessage"&gt;[FFP.0011.0004] Element too long&lt;/value&gt;
                            &lt;value name="errorCode"&gt;4&lt;/value&gt;
                            &lt;value name="reference"&gt;352&lt;/value&gt;
                            &lt;value name="badData"&gt;Power : -2.00 BC : 8.50 DIA : 14.20 Cylinder :  Axis :  Add :  Color: Natural Shine Eye left-eye&lt;/value&gt;
                          &lt;/record&gt;
                        &lt;/array&gt;
                      &lt;/record&gt;
                    &lt;/array&gt;
                    &lt;value name="@segment-id"&gt;PID&lt;/value&gt;
                    &lt;record name="PID01" javaclass="com.wm.data.ISMemDataImpl"&gt;
                      &lt;value name="code"&gt;F&lt;/value&gt;
                    &lt;/record&gt;
                    &lt;value name="PID05"&gt;Power : -2.00 BC : 8.50 DIA : 14.20 Cylinder :  Axis :  Add :  Color: Natural Shine Eye left-eye&lt;/value&gt;
                    &lt;value name="@loops-id"&gt;PID__REF&lt;/value&gt;
                  &lt;/record&gt;
                &lt;/record&gt;
              &lt;/array&gt;
            &lt;/record&gt;
            &lt;record javaclass="com.wm.data.ISMemDataImpl"&gt;
              &lt;value name="@record-id"&gt;PO1&lt;/value&gt;
              &lt;value name="@position"&gt;10&lt;/value&gt;
              &lt;value name="@area"&gt;detail&lt;/value&gt;
              &lt;array name="@childErrors" type="value" depth="1"&gt;
                &lt;value&gt;REF&lt;/value&gt;
              &lt;/array&gt;
              &lt;value name="@segment-id"&gt;PO1&lt;/value&gt;
              &lt;value name="PO101"&gt;000002&lt;/value&gt;
              &lt;value name="PO102"&gt;1&lt;/value&gt;
              &lt;record name="PO103" javaclass="com.wm.data.ISMemDataImpl"&gt;
                &lt;value name="code"&gt;EA&lt;/value&gt;
              &lt;/record&gt;
              &lt;value name="PO104"&gt;27.00&lt;/value&gt;
              &lt;record name="PO106" javaclass="com.wm.data.ISMemDataImpl"&gt;
                &lt;value name="code"&gt;UP&lt;/value&gt;
              &lt;/record&gt;
              &lt;value name="PO107"&gt;733905388569&lt;/value&gt;
              &lt;value name="@loops-id"&gt;PO1__ST&lt;/value&gt;
              &lt;array name="REF" type="record" depth="1"&gt;
                &lt;record javaclass="com.wm.data.ISMemDataImpl"&gt;
                  &lt;value name="@record-id"&gt;REF&lt;/value&gt;
                  &lt;value name="@position"&gt;98&lt;/value&gt;
                  &lt;value name="@area"&gt;detail&lt;/value&gt;
                  &lt;array name="@childErrors" type="value" depth="1"&gt;
                    &lt;value&gt;PID&lt;/value&gt;
                  &lt;/array&gt;
                  &lt;array name="@errors" type="record" depth="1"&gt;
                    &lt;record javaclass="com.wm.data.ISMemDataImpl"&gt;
                      &lt;value name="errorPosition"&gt;12&lt;/value&gt;
                      &lt;value name="errorMessage"&gt;[FFP.0011.0012] Unexpected record.&lt;/value&gt;
                      &lt;value name="errorCode"&gt;12&lt;/value&gt;
                      &lt;value name="reference"&gt;PID&lt;/value&gt;
                      &lt;null name="badData"/&gt;
                      &lt;value name="errorPath"&gt;/ST/PO1[1]/REF[0]/PID&lt;/value&gt;
                    &lt;/record&gt;
                  &lt;/array&gt;
                  &lt;value name="@segment-id"&gt;REF&lt;/value&gt;
                  &lt;record name="REF01" javaclass="com.wm.data.ISMemDataImpl"&gt;
                    &lt;value name="code"&gt;CR&lt;/value&gt;
                  &lt;/record&gt;
                  &lt;value name="REF02"&gt;00703929&lt;/value&gt;
                  &lt;value name="@loops-id"&gt;REF__PO1&lt;/value&gt;
                  &lt;record name="PID" javaclass="com.wm.data.ISMemDataImpl"&gt;
                    &lt;value name="@record-id"&gt;PID&lt;/value&gt;
                    &lt;value name="@position"&gt;552&lt;/value&gt;
                    &lt;value name="@area"&gt;detail&lt;/value&gt;
                    &lt;array name="@errors" type="record" depth="1"&gt;
                      &lt;record javaclass="com.wm.data.ISMemDataImpl"&gt;
                        &lt;value name="errorPosition"&gt;12&lt;/value&gt;
                        &lt;value name="errorMessage"&gt;[FFP.0011.0016] Element has nested errors&lt;/value&gt;
                        &lt;value name="errorCode"&gt;16&lt;/value&gt;
                        &lt;value name="reference"&gt;PID&lt;/value&gt;
                        &lt;null name="badData"/&gt;
                        &lt;array name="childErrors" type="record" depth="1"&gt;
                          &lt;record javaclass="com.wm.data.ISMemDataImpl"&gt;
                            &lt;value name="errorPosition"&gt;5&lt;/value&gt;
                            &lt;value name="errorMessage"&gt;[FFP.0011.0004] Element too long&lt;/value&gt;
                            &lt;value name="errorCode"&gt;4&lt;/value&gt;
                            &lt;value name="reference"&gt;352&lt;/value&gt;
                            &lt;value name="badData"&gt;Power : -3.25 BC : 8.50 DIA : 14.20 Cylinder :  Axis :  Add :  Color: Natural Shine Eye right-eye&lt;/value&gt;
                          &lt;/record&gt;
                        &lt;/array&gt;
                      &lt;/record&gt;
                    &lt;/array&gt;
                    &lt;value name="@segment-id"&gt;PID&lt;/value&gt;
                    &lt;record name="PID01" javaclass="com.wm.data.ISMemDataImpl"&gt;
                      &lt;value name="code"&gt;F&lt;/value&gt;
                    &lt;/record&gt;
                    &lt;value name="PID05"&gt;Power : -3.25 BC : 8.50 DIA : 14.20 Cylinder :  Axis :  Add :  Color: Natural Shine Eye right-eye&lt;/value&gt;
                    &lt;value name="@loops-id"&gt;PID__REF&lt;/value&gt;
                  &lt;/record&gt;
                &lt;/record&gt;
              &lt;/array&gt;
            &lt;/record&gt;
          &lt;/array&gt;
          &lt;record name="CTT" javaclass="com.wm.data.ISMemDataImpl"&gt;
            &lt;value name="@record-id"&gt;CTT&lt;/value&gt;
            &lt;value name="@position"&gt;10&lt;/value&gt;
            &lt;value name="@area"&gt;summary&lt;/value&gt;
            &lt;value name="@segment-id"&gt;CTT&lt;/value&gt;
            &lt;value name="CTT01"&gt;2&lt;/value&gt;
          &lt;/record&gt;
          &lt;record name="SE" javaclass="com.wm.data.ISMemDataImpl"&gt;
            &lt;value name="@record-id"&gt;SE&lt;/value&gt;
            &lt;value name="@position"&gt;30&lt;/value&gt;
            &lt;value name="@area"&gt;summary&lt;/value&gt;
            &lt;value name="@segment-id"&gt;SE&lt;/value&gt;
            &lt;value name="SE01"&gt;14&lt;/value&gt;
            &lt;value name="SE02"&gt;00703929&lt;/value&gt;
          &lt;/record&gt;
        &lt;/record&gt;
        &lt;array name="@childErrors" type="value" depth="1"&gt;
          &lt;value&gt;ST&lt;/value&gt;
        &lt;/array&gt;
      &lt;/record&gt;
      &lt;record name="_env" javaclass="com.wm.data.ISMemDataImpl"&gt;
        &lt;value name="locale"&gt;&lt;/value&gt;
        &lt;value name="activation"&gt;wm60000d4bf-5174-4288-ae9b-dc52604f8e1e&lt;/value&gt;
        &lt;value name="businessContext"&gt;wm6:93ea72df-4edb-4cf2-92fb-b03f57b3e81a\snull\snull:wm60000d4bf-5174-4288-ae9b-dc52604f8e1e:null:IS_61:null&lt;/value&gt;
        &lt;value name="uuid"&gt;wm:99368c50-d7c9-11ec-b2b1-0000000014f8&lt;/value&gt;
        &lt;value name="trackId"&gt;wm:99368c50-d7c9-11ec-b2b1-0000000014f8&lt;/value&gt;
        &lt;number name="age" type="java.lang.Integer"&gt;0&lt;/number&gt;
        &lt;number name="flags" type="java.lang.Integer"&gt;16&lt;/number&gt;
        &lt;Date name="enqueueTime" type="java.util.Date"&gt;Thu May 19 19:15:40 EDT 2022&lt;/Date&gt;
        &lt;Date name="recvTime" type="java.util.Date"&gt;Thu May 19 19:15:40 EDT 2022&lt;/Date&gt;
        &lt;value name="pubId"&gt;DEV_VIST_US_IS97_DefaultClient_MultiPub&lt;/value&gt;
        &lt;value name="errorsTo"&gt;DEV_VIST_US_IS97_DefaultClient&lt;/value&gt;
      &lt;/record&gt;
    &lt;/record&gt;
    &lt;record name="ProcessData" javaclass="com.wm.data.ISMemDataImpl"&gt;
      &lt;record name="PRTInternal" javaclass="com.wm.data.ISMemDataImpl"&gt;
        &lt;record name="PubDocs" javaclass="com.wm.data.ISMemDataImpl"&gt;
          &lt;value name="GenericSalesOrder"&gt;PRT&lt;/value&gt;
        &lt;/record&gt;
      &lt;/record&gt;
      &lt;record name="LastEvents" javaclass="com.wm.data.ISMemDataImpl"&gt;
        &lt;idatacodable name="PRTEvents" javaclass="com.wm.data.BasicIDataCodable"&gt;
          &lt;value name="instanceId"&gt;40fcb5ea-6a75-4fd1-94b7-846a15738788:1&lt;/value&gt;
          &lt;value name="modelId"&gt;pq__CU111VISGEDISalesOrderProcess/CU111VISGEDISalesOrderProcess_9wehknhk&lt;/value&gt;
          &lt;value name="modelVersion"&gt;1&lt;/value&gt;
          &lt;value name="targetStepId"&gt;S13&lt;/value&gt;
          &lt;value name="trackCount"&gt;1&lt;/value&gt;
          &lt;value name="sourceStepId"&gt;S8&lt;/value&gt;
          &lt;value name="serverId"&gt;IT&lt;/value&gt;
          &lt;jboolean name="deadPath"&gt;false&lt;/jboolean&gt;
          &lt;jboolean name="inputExec"&gt;true&lt;/jboolean&gt;
        &lt;/idatacodable&gt;
      &lt;/record&gt;
      &lt;value name="tmdModelId"&gt;pq__CU111VISGEDISalesOrderProcess/CU111VISGEDISalesOrderProcess_9wehknhk&lt;/value&gt;
      &lt;value name="tmdTargetStepId"&gt;S13&lt;/value&gt;
      &lt;value name="tmdSourceStepId"&gt;S8&lt;/value&gt;
      &lt;value name="ProcessInstanceID"&gt;40fcb5ea-6a75-4fd1-94b7-846a15738788&lt;/value&gt;
      &lt;value name="ProcessIteration"&gt;1&lt;/value&gt;
      &lt;value name="ProcessModelID"&gt;pq__CU111VISGEDISalesOrderProcess/CU111VISGEDISalesOrderProcess_9wehknhk&lt;/value&gt;
      &lt;value name="ProcessModelVersion"&gt;1&lt;/value&gt;
      &lt;value name="ProcessStepID"&gt;S13&lt;/value&gt;
      &lt;value name="TryCount"&gt;1&lt;/value&gt;
      &lt;value name="LoopCounter"&gt;0&lt;/value&gt;
      &lt;value name="LogicalServer"&gt;IT&lt;/value&gt;
    &lt;/record&gt;
    &lt;value name="project"&gt;CU111_AP2PLE&lt;/value&gt;
    &lt;value name="interface_id"&gt;IN-OTC-1014-PUB&lt;/value&gt;
    &lt;value name="event_text"&gt;mapping service completed&lt;/value&gt;
    &lt;record name="instance" javaclass="com.wm.data.ISMemDataImpl"&gt;
      &lt;value name="project"&gt;CU111_AP2PLE&lt;/value&gt;
      &lt;value name="interface_id"&gt;IN-OTC-1014-PUB&lt;/value&gt;
      &lt;value name="step_id"&gt;1&lt;/value&gt;
      &lt;value name="parent_step_instance_id"&gt;20220519192919879509725466483236&lt;/value&gt;
      &lt;value name="step_instance_id"&gt;20220519192922472875423711916343&lt;/value&gt;
      &lt;value name="interface_instance_id"&gt;20220519192919878420713695838230&lt;/value&gt;
    &lt;/record&gt;
  &lt;/record&gt;
&lt;/IDataXMLCoder&gt;
</value>
  <record name="type" javaclass="com.wm.util.Values">
    <value name="node_type">field</value>
    <value name="node_subtype">unknown</value>
    <value name="is_public">false</value>
    <value name="field_name">xmldata</value>
    <value name="field_type">string</value>
    <value name="field_dim">0</value>
    <value name="field_opt">true</value>
    <value name="nillable">true</value>
    <value name="form_qualified">false</value>
    <value name="is_global">false</value>
  </record>
</Values>
</DATA>
</MAPSET>
</MAP>
</INVOKE>

<INVOKE TIMEOUT="" SERVICE="pub.xml:xmlNodeToDocument" VALIDATE-IN="$none" VALIDATE-OUT="$none">
  <COMMENT></COMMENT>
</INVOKE>

<INVOKE TIMEOUT="" SERVICE="pub.xmldata:xmlDataToXMLString" VALIDATE-IN="$none" VALIDATE-OUT="$none">
  <COMMENT></COMMENT>

  <!-- nodes -->

<MAP MODE="INPUT">
  <MAPTARGET>

<Values version="2.0">
  <record name="xml" javaclass="com.wm.util.Values">
    <value name="node_type">record</value>
    <value name="node_subtype">unknown</value>
    <value name="is_public">false</value>
    <value name="field_name">xmlDataToXMLStringInput</value>
    <value name="field_type">record</value>
    <value name="field_dim">0</value>
    <value name="wrapper_type">IData</value>
    <value name="nillable">true</value>
    <value name="form_qualified">false</value>
    <value name="is_global">false</value>
    <array name="rec_fields" type="record" depth="1">
      <record javaclass="com.wm.util.Values">
        <value name="node_type">record</value>
        <value name="node_subtype">unknown</value>
        <value name="is_public">false</value>
        <value name="field_name">xmlDataDocument</value>
        <value name="field_type">record</value>
        <value name="field_dim">0</value>
        <value name="wrapper_type">IData</value>
        <value name="nillable">true</value>
        <value name="form_qualified">false</value>
        <value name="is_global">false</value>
        <array name="rec_fields" type="record" depth="1">
        </array>
        <value name="modifiable">true</value>
      </record>
      <record javaclass="com.wm.util.Values">
        <value name="node_type">field</value>
        <value name="node_subtype">unknown</value>
        <value name="is_public">false</value>
        <value name="field_name">encode</value>
        <value name="field_type">string</value>
        <value name="field_dim">0</value>
        <value name="field_opt">true</value>
        <array name="field_options" type="value" depth="1">
          <value>false</value>
          <value>true</value>
        </array>
        <value name="nillable">true</value>
        <value name="form_qualified">false</value>
        <value name="is_global">false</value>
      </record>
    </array>
    <value name="modifiable">true</value>
  </record>
</Values>
</MAPTARGET>
  <MAPSOURCE>

<Values version="2.0">
  <record name="xml" javaclass="com.wm.util.Values">
    <value name="node_type">record</value>
    <value name="node_subtype">unknown</value>
    <value name="is_public">false</value>
    <value name="field_type">record</value>
    <value name="field_dim">0</value>
    <value name="nillable">true</value>
    <value name="form_qualified">false</value>
    <value name="is_global">false</value>
    <array name="rec_fields" type="record" depth="1">
      <record javaclass="com.wm.util.Values">
        <value name="node_type">unknown</value>
        <value name="node_subtype">unknown</value>
        <value name="is_public">false</value>
        <value name="field_name">xmldata</value>
        <value name="field_type">string</value>
        <value name="field_dim">0</value>
        <value name="nillable">true</value>
        <value name="form_qualified">false</value>
        <value name="is_global">false</value>
      </record>
      <record javaclass="com.wm.util.Values">
        <value name="node_type">field</value>
        <value name="node_subtype">unknown</value>
        <value name="is_public">false</value>
        <value name="field_name">node</value>
        <value name="field_type">object</value>
        <value name="field_dim">0</value>
        <value name="nillable">true</value>
        <value name="form_qualified">false</value>
        <value name="is_global">false</value>
      </record>
      <record javaclass="com.wm.util.Values">
        <value name="node_type">record</value>
        <value name="node_subtype">unknown</value>
        <value name="is_public">false</value>
        <value name="field_name">document</value>
        <value name="field_type">record</value>
        <value name="field_dim">0</value>
        <value name="nillable">true</value>
        <value name="form_qualified">false</value>
        <value name="is_global">false</value>
        <array name="rec_fields" type="record" depth="1">
        </array>
        <value name="modifiable">true</value>
      </record>
    </array>
    <value name="modifiable">true</value>
  </record>
</Values>
</MAPSOURCE>

  <!-- nodes -->

<MAPCOPY FROM="/document;2;0" TO="/xmlDataDocument;2;0">
</MAPCOPY>
</MAP>
</INVOKE>
</FLOW>
