<?xml version="1.0" encoding="UTF-8"?>

<FLOW VERSION="3.0" CLEANUP="true">

  <!-- nodes -->

<INVOKE TIMEOUT="" SERVICE="pub.xml:xmlStringToXMLNode" VALIDATE-IN="$none" VALIDATE-OUT="$none">
  <COMMENT></COMMENT>

  <!-- nodes -->

<MAP MODE="INPUT">
  <MAPTARGET>

<Values version="2.0">
  <record name="xml" javaclass="com.wm.util.Values">
    <value name="node_type">record</value>
    <value name="node_subtype">unknown</value>
    <value name="is_public">false</value>
    <value name="field_name">xmlStringToXMLNodeInput</value>
    <value name="field_type">record</value>
    <value name="field_dim">0</value>
    <value name="nillable">true</value>
    <value name="form_qualified">false</value>
    <value name="is_global">false</value>
    <array name="rec_fields" type="record" depth="1">
      <record javaclass="com.wm.util.Values">
        <value name="node_type">field</value>
        <value name="node_subtype">unknown</value>
        <value name="is_public">false</value>
        <value name="field_name">xmldata</value>
        <value name="field_type">string</value>
        <value name="field_dim">0</value>
        <value name="field_opt">true</value>
        <value name="nillable">true</value>
        <value name="form_qualified">false</value>
        <value name="is_global">false</value>
      </record>
      <record javaclass="com.wm.util.Values">
        <value name="node_type">field</value>
        <value name="node_subtype">unknown</value>
        <value name="is_public">false</value>
        <value name="field_name">$filedata</value>
        <value name="field_type">object</value>
        <value name="field_dim">0</value>
        <value name="field_opt">true</value>
        <value name="nillable">true</value>
        <value name="form_qualified">false</value>
        <value name="is_global">false</value>
      </record>
      <record javaclass="com.wm.util.Values">
        <value name="node_type">field</value>
        <value name="node_subtype">unknown</value>
        <value name="is_public">false</value>
        <value name="field_name">$filestream</value>
        <value name="field_type">object</value>
        <value name="field_dim">0</value>
        <value name="field_opt">true</value>
        <value name="nillable">true</value>
        <value name="form_qualified">false</value>
        <value name="is_global">false</value>
      </record>
      <record javaclass="com.wm.util.Values">
        <value name="node_type">field</value>
        <value name="node_subtype">unknown</value>
        <value name="is_public">false</value>
        <value name="field_name">encoding</value>
        <value name="field_type">string</value>
        <value name="field_dim">0</value>
        <value name="field_opt">true</value>
        <value name="nillable">true</value>
        <value name="form_qualified">false</value>
        <value name="is_global">false</value>
      </record>
      <record javaclass="com.wm.util.Values">
        <value name="node_type">field</value>
        <value name="node_subtype">unknown</value>
        <value name="is_public">false</value>
        <value name="field_name">expandDTD</value>
        <value name="field_type">string</value>
        <value name="field_dim">0</value>
        <value name="field_opt">true</value>
        <array name="field_options" type="value" depth="1">
          <value>false</value>
          <value>true</value>
        </array>
        <value name="nillable">true</value>
        <value name="form_qualified">false</value>
        <value name="is_global">false</value>
      </record>
      <record javaclass="com.wm.util.Values">
        <value name="node_type">field</value>
        <value name="node_subtype">unknown</value>
        <value name="is_public">false</value>
        <value name="field_name">isXML</value>
        <value name="field_type">string</value>
        <value name="field_dim">0</value>
        <value name="field_opt">true</value>
        <array name="field_options" type="value" depth="1">
          <value>false</value>
          <value>true</value>
          <value>autoDetect</value>
        </array>
        <value name="nillable">true</value>
        <value name="form_qualified">false</value>
        <value name="is_global">false</value>
      </record>
      <record javaclass="com.wm.util.Values">
        <value name="node_type">field</value>
        <value name="node_subtype">unknown</value>
        <value name="is_public">false</value>
        <value name="field_name">expandGeneralEntities</value>
        <value name="field_type">string</value>
        <value name="field_dim">0</value>
        <value name="field_opt">true</value>
        <array name="field_options" type="value" depth="1">
          <value>true</value>
          <value>false</value>
        </array>
        <value name="nillable">true</value>
        <value name="form_qualified">false</value>
        <value name="is_global">false</value>
      </record>
      <record javaclass="com.wm.util.Values">
        <value name="node_type">field</value>
        <value name="node_subtype">unknown</value>
        <value name="is_public">false</value>
        <value name="field_name">validateXML</value>
        <value name="field_type">string</value>
        <value name="field_dim">0</value>
        <value name="field_opt">true</value>
        <array name="field_options" type="value" depth="1">
          <value>false</value>
          <value>true</value>
        </array>
        <value name="nillable">true</value>
        <value name="form_qualified">false</value>
        <value name="is_global">false</value>
      </record>
    </array>
    <value name="modifiable">true</value>
  </record>
</Values>
</MAPTARGET>
  <MAPSOURCE>

<Values version="2.0">
  <record name="xml" javaclass="com.wm.util.Values">
    <value name="node_type">record</value>
    <value name="node_subtype">unknown</value>
    <value name="is_public">false</value>
    <value name="field_type">record</value>
    <value name="field_dim">0</value>
    <value name="nillable">true</value>
    <value name="form_qualified">false</value>
    <value name="is_global">false</value>
    <array name="rec_fields" type="record" depth="1">
    </array>
    <value name="modifiable">true</value>
  </record>
</Values>
</MAPSOURCE>

  <!-- nodes -->

<MAPSET NAME="Setter" OVERWRITE="true" VARIABLES="false" GLOBALVARIABLES="false" FIELD="/xmldata;1;0">
  <DATA ENCODING="XMLValues" I18N="true">

<Values version="2.0">
  <value name="xml">
&lt;delivery-request env="QRP" source="SAP" target="OTC-330" xsi:noNamespaceSchemaLocation="http://localhost/XSD/delivery_request.xsd" xmlns:xsi="http://www.w3.org/2001/XMLSchema-instance"&gt;
  &lt;delivery-info number="0500000630" idoc="0000000346655657" projected-ship="2014-12-16" projected-delivery="2014-12-19"&gt;
    &lt;ship-from&gt;US11&lt;/ship-from&gt;
    &lt;order-type&gt;Stock&lt;/order-type&gt;
    &lt;trade-channel&gt;15&lt;/trade-channel&gt;
    &lt;patient-ship-to&gt;Doctor&lt;/patient-ship-to&gt;
    &lt;signature-release&gt;Yes&lt;/signature-release&gt;
    &lt;print-prices&gt;No&lt;/print-prices&gt;
    &lt;pre-made&gt;No&lt;/pre-made&gt;
    &lt;allow-split&gt;Yes&lt;/allow-split&gt;
    &lt;allow-short-ship&gt;Yes&lt;/allow-short-ship&gt;
    &lt;case-order&gt;No&lt;/case-order&gt;
    &lt;route&gt;UPG&lt;/route&gt;
    &lt;net-total&gt;321&lt;/net-total&gt;
    &lt;ship-total&gt;10&lt;/ship-total&gt;
    &lt;non-lens-qty&gt;0&lt;/non-lens-qty&gt;
    &lt;piece-count&gt;14&lt;/piece-count&gt;
    &lt;lock-box&gt;CHICAGO&lt;/lock-box&gt;
    &lt;shelf-life-remain&gt;36&lt;/shelf-life-remain&gt;
  &lt;/delivery-info&gt;
  &lt;bill-to account-number="0006117266" name="EYE CARE CENTERS OF AMERICA" customer-group="000647"&gt;
    &lt;address type="bill-to"&gt;
      &lt;address-line1&gt;ATTN ACCOUNTS PAYABLE&lt;/address-line1&gt;
      &lt;address-line2&gt;THE ENCLAVE&lt;/address-line2&gt;
      &lt;address-line3&gt;11103 WEST AVE&lt;/address-line3&gt;
      &lt;city&gt;SAN ANTONIO&lt;/city&gt;
      &lt;state&gt;TX&lt;/state&gt;
      &lt;postal-code&gt;78213-1338&lt;/postal-code&gt;
      &lt;country&gt;United States&lt;/country&gt;
    &lt;/address&gt;
  &lt;/bill-to&gt;
  &lt;ship-to language-code="EN" account-number="0006162664" name="VISIONWORKS #526" phone="703-717-0737"&gt;
    &lt;address type="ship-to"&gt;
      &lt;address-line1&gt;MOUNT VERNON PLAZA&lt;/address-line1&gt;
      &lt;address-line2&gt;7702 RICHMOND HWY STE H&lt;/address-line2&gt;
      &lt;city&gt;ALEXANDRIA&lt;/city&gt;
      &lt;state&gt;VA&lt;/state&gt;
      &lt;postal-code&gt;22306-2803&lt;/postal-code&gt;
      &lt;country&gt;United States&lt;/country&gt;
    &lt;/address&gt;
  &lt;/ship-to&gt;
  &lt;pick-comments&gt;
    &lt;comment&gt;Terms of Sales are FOB SHIPPING POINT&lt;/comment&gt;
    &lt;comment&gt;Terms: Net 15 Prox&lt;/comment&gt;
  &lt;/pick-comments&gt;
  &lt;order-info&gt;
    &lt;order number="0043501788" date="2014-12-15" time="03:44:34" placed-by="rosa" purchase-order="" csr="PWALDIA" items-from-backorder="Yes"&gt;
      &lt;line-item-list&gt;
        &lt;line-item material-number="16072883" shippable="Yes" uom="6P" version-ind="Any" quantity="4" charge="26" patient-name="WEBB" sap-line-number="000010" tax="0.00" short-ship-type="not-allowed"/&gt;
        &lt;line-item material-number="16061101" shippable="Yes" uom="6P" version-ind="Any" quantity="2" charge="24" patient-name="CORBETT" sap-line-number="000020" tax="0.00" short-ship-type="not-allowed"/&gt;
        &lt;line-item material-number="16062181" shippable="Yes" uom="6P" version-ind="Specific" version="068" quantity="2" charge="24" patient-name="FRENZEL" sap-line-number="000030" tax="0.00" short-ship-type="not-allowed"/&gt;
        &lt;line-item material-number="16051706" shippable="Yes" uom="30P" version-ind="Group" version="1DM1" quantity="1" charge="17" patient-name="DORRIS" sap-line-number="000040" tax="0.00" short-ship-type="not-allowed"&gt;
          &lt;line-item-version-list&gt;
            &lt;line-item-version version="055"/&gt;
            &lt;line-item-version version="056"/&gt;
            &lt;line-item-version version="144"/&gt;
            &lt;line-item-version version="145"/&gt;
          &lt;/line-item-version-list&gt;
		&lt;/line-item&gt;
        &lt;line-item material-number="16051705" shippable="Yes" uom="30P" version-ind="Group" version="1DM1" quantity="1" charge="17" patient-name="DORRIS" sap-line-number="000050" tax="0.00" short-ship-type="not-allowed"&gt;
          &lt;line-item-version-list&gt;
            &lt;line-item-version version="055"/&gt;
            &lt;line-item-version version="056"/&gt;
            &lt;line-item-version version="144"/&gt;
            &lt;line-item-version version="145"/&gt;
          &lt;/line-item-version-list&gt;
		&lt;/line-item&gt;
        &lt;line-item material-number="16055490" shippable="Yes" uom="90P" version-ind="Group" version="1DM1" quantity="1" charge="43.5" patient-name="SKINNER" sap-line-number="000060" tax="0.00" short-ship-type="not-allowed"&gt;
          &lt;line-item-version-list&gt;
            &lt;line-item-version version="055"/&gt;
            &lt;line-item-version version="056"/&gt;
            &lt;line-item-version version="144"/&gt;
            &lt;line-item-version version="145"/&gt;
          &lt;/line-item-version-list&gt;
		&lt;/line-item&gt;
        &lt;line-item material-number="16055486" shippable="Yes" uom="90P" version-ind="Group" version="1DM1" quantity="1" charge="43.5" patient-name="SKINNER" sap-line-number="000070" tax="0.00" short-ship-type="not-allowed"&gt;
		 &lt;line-item-version-list&gt;
            &lt;line-item-version version="055"/&gt;
            &lt;line-item-version version="056"/&gt;
            &lt;line-item-version version="144"/&gt;
            &lt;line-item-version version="145"/&gt;
          &lt;/line-item-version-list&gt;
		&lt;/line-item&gt;
        &lt;line-item material-number="20400700" shippable="Yes" uom="EA" version-ind="Any" quantity="1" charge="0" sap-line-number="000080" tax="0.00" short-ship-type="not-allowed"/&gt;
        &lt;line-item material-number="20400830" shippable="Yes" uom="EA" version-ind="Any" quantity="1" charge="0" sap-line-number="000090" tax="0.00" short-ship-type="not-allowed"/&gt;
        &lt;backordered-line-item material-number="16061082" uom="6P" quantity="2"/&gt;
      &lt;/line-item-list&gt;
    &lt;/order&gt;
  &lt;/order-info&gt;
&lt;/delivery-request&gt;</value>
  <record name="type" javaclass="com.wm.util.Values">
    <value name="node_type">field</value>
    <value name="node_subtype">unknown</value>
    <value name="is_public">false</value>
    <value name="field_name">xmldata</value>
    <value name="field_type">string</value>
    <value name="field_dim">0</value>
    <value name="field_opt">true</value>
    <value name="nillable">true</value>
    <value name="form_qualified">false</value>
    <value name="is_global">false</value>
  </record>
</Values>
</DATA>
</MAPSET>
</MAP>
</INVOKE>

<INVOKE TIMEOUT="" SERVICE="pub.xml:xmlNodeToDocument" VALIDATE-IN="$none" VALIDATE-OUT="$none">
  <COMMENT></COMMENT>
</INVOKE>
</FLOW>
